Reaction ID;Fixed ID;Reaction name;KEGG annotation;metanetx;bigg;New ID
RXN__45__17569;RXN-17569;acetone 1-monooxygenase;;MNXR121004;;AC1MO
RXN__45__8783;RXN-8783;gluconolactonase;R02933;MNXR100250;GLNLASEer;GLNLASE
FUCPALDOL__45__RXN;FUCPALDOL-RXN;"L-fuculose-phosphate aldolase;fuculose-1-phosphate aldolase";R02262;MNXR99470;FCLPA;FCLPA
TRE6PHYDRO__45__RXN;TRE6PHYDRO-RXN;trehalose-6-phosphate hydrolase;R00837;MNXR104925;TRE6PH;TRE6PH
RXN__45__17568;RXN-17568;propane 2-monooxygenase;;MNXR114022;;PROP2MO
2__46__7__46__1__46__121__45__RXN;2.7.1.121-RXN;dihydroxyacetone kinase;R01012;MNXR97364;DHAPT;DHAPT
BENZOYLFORMATE__45__DECARBOXYLASE__45__RXN;BENZOYLFORMATE-DECARBOXYLASE-RXN;benzoylformate carboxy-lyase;R01764;MNXR107162;;BFORCL
RXN__45__18387;RXN-18387;4-hydroxybutyrate:CoA ligase (ADP-forming);;;;4HYBUT
BETA__45__UREIDOPROPIONASE__45__RXN;BETA-UREIDOPROPIONASE-RXN;"beta-ureidopropionase;beta-alanine synthase";R00905;MNXR96347;BUPN, UPPN;BUPN
RXN__45__11565;RXN-11565;carboxynorspermidine dehydrogenase;R09080;MNXR112525;;COSPERDH
STREPTOMYCIN__45__6__45__KINASE__45__RXN;STREPTOMYCIN-6-KINASE-RXN;streptomycin 6-kinase;R02225;MNXR107388;;STRP6K
SS__45__BUTANEDIOL__45__DEHYDROGENASE__45__RXN;SS-BUTANEDIOL-DEHYDROGENASE-RXN;"(S,S)-butanediol dehydrogenase;[(S,S)-2,3-butanediol-forming]-(S)-acetoin reductase;(S)-acetoin reductase [(S,S)-2,3-butanediol forming];[(S)-acetoin forming]-(S,S)-2,3-butanediol dehydrogenase";R02344;MNXR108359;;SSBUTDH
RXN__45__11081;RXN-11081;"decaprenyl-phosphoryl-2-keto-beta-D-erythro-pentofuranose reductase;decaprenylphospho-beta-D-erythro-pentofuranosid-2-ulose 2-reductase";;MNXR113488;;DCPEPFU
SOLDEHYD__45__RXN;SOLDEHYD-RXN;4-sulfobenzyl alcohol dehydrogenase;R05271;MNXR109444;;4SULFADH
RXN__45__15902;RXN-15902;D-galactarolactone cycloisomerase;;MNXR114162;;DGALACYC
GUANIDINOBUTYRASE__45__RXN;GUANIDINOBUTYRASE-RXN;"guanidinobutyrase;guanidinobutyrate amidinohydrolase";R01990;MNXR100467;GUDBUTNAH;GUDBUTNAH
RXN__45__11080;RXN-11080;decaprenylphospho-beta-D-ribofuranose 2-dehydrogenase;;MNXR113487;;DRIB2FUR
RXN__45__12931;RXN-12931;dTDP-4-oxo-2,6-dideoxy-D-glucose 3-C-methyltransferase;;MNXR117811;;DGLUCMT
RXN__45__12398;RXN-12398;XXLG xyloglucan oligosaccharide beta-galactosidase;;MNXR117526;;XGLCOLIG
MHPHYDROXY__45__RXN;MHPHYDROXY-RXN;3-(3-hydroxyphenyl)propanoate hydroxylase;R06786;MNXR94903;3HPPPNH;3HPPPNH
RXN__45__15819;RXN-15819;(-)-dehydrodiconiferyl aldehyde dehydrogenase;;MNXR119648;;DHICONF
AMINOBENZCOALIG__45__RXN;AMINOBENZCOALIG-RXN;"2-aminobenzoate-CoA ligase;anthranilate-CoA ligase;anthranilate-coenzyme A ligase";R00982;MNXR106771;;AMBCOAL
RXN__45__9990;RXN-9990;cytidine 5'-monophosphate N-acetylneuraminate synthetase;R01117;MNXR123098;;CYT5MONP
UROPORIIIMETHYLTRANSA__45__RXN;UROPORIIIMETHYLTRANSA-RXN;"uroporphyrin-III (C2)-methyltransferase;uroporphyrinogen-III (C2)-methyltransferase;uroporphyrinogen-III C-methyltransferase;S-adenosyl-L-methionine:uroporphyrinogen-III C-methyltransferase";R07237;MNXR110922;;URO3MET
RXN__45__8460;RXN-8460;"4,5-DOPA dioxygenase extradiol;4,5-DOPA-dioxygenase";['R02075', 'R08836'];MNXR107298;;45DOPA
RXN__45__9932;RXN-9932;3,3'-biflaviolin synthase;R08912;MNXR112403;;33BIFLAV
RXN__45__13783_NADPH;RXN-13783_NADPH;ornithine N-hydroxylase (NADPH);;;;ORNHYDX_NADPH
RXN__45__9931;RXN-9931;1,3,6,8-tetrahydroxynaphthalene synthase;;MNXR114272;;THYDNAPS
RXN__45__12752;RXN-12752;NADHX epimerase;;MNXR113637;;NADHXEPI
RXN__45__17129;RXN-17129;hydroxysqualene synthase;;MNXR114707;;HDXSQLS
RXN__45__10901;RXN-10901;(+)-(alphaS,betaS)-guaiacylglycerol-beta-guaiacyl ether dehydrogenase;;MNXR116580;;GCGBGE
RXN__45__15586;RXN-15586;1,3,6,8-tetrahydroxynaphthalene monooxygenase (quinone-forming);;MNXR119468;;THYDNAPO
RXN__45__17615;RXN-17615;tert-butyl formate deformylase;;MNXR121038;;TBFORMD
RXN__45__1126;RXN-1126;"trans-caffeate:CoA ligase;caffeate coenzyme A ligase;caffeate-CoA ligase;trans-caffeate coenzyme A ligase;caffeoyl-CoA synthetase;trans-caffeate--CoA ligase";R01943;MNXR96446;CAFFCOA;CAFFCOA
FORMIMINOGLUTAMATE__45__DEIMINASE__45__RXN;FORMIMINOGLUTAMATE-DEIMINASE-RXN;formiminoglutamate deiminase;R02286;MNXR99617;FORGLUIH;FORGLUIH
RXN__45__10035;RXN-10035;"5-methylthioadenosine deaminase;S-methyl-5'-thioadenosine deaminase";;MNXR113074;;5METDA
FHLMULTI__45__RXN;FHLMULTI-RXN;formate hydrogenlyase complex;;MNXR99594;FHL;FHL
RXN__45__15585;RXN-15585;flaviolin monooxygenase;;MNXR119467;;FLAVMO
RXN__45__13072;RXN-13072;"2-oxoglutaramate amidase;2-ketoglutaramate amidase;2-oxoglutaramate omega-amidase";R00269;MNXR105306;r0085;2OGLUAH
RXN__45__12976;RXN-12976;2-methylisoborneol synthase;;MNXR113366;;2METBOD
RXN__45__15892_NADPH;RXN-15892_NADPH;3,6-anhydro-L-galactose dehydrogenase (NADPH);;;;AHLGAL_NADPH
RXN__45__8582;RXN-8582;4-tolualdehyde dehydrogenase;;MNXR95031;4MBZDH;4MBZDH
AMINO__45__CARBOXYMUCONATE__45__SEMIALDEHYDE__45__RXN;AMINO-CARBOXYMUCONATE-SEMIALDEHYDE-RXN;"2-amino-3-carboxymuconate 6-semialdehyde decarboxylase;2-amino-3-carboxymuconate-6-semialdehyde decarboxylase;2-amino 3-carboxymuconate 6-semialdehyde decarboxylase;aminocarboxymuconate-semialdehyde decarboxylase";R04323;MNXR115698;;2A3MUCSD
PYRIDOXINE__45__4__45__DEHYDROGENASE__45__RXN;PYRIDOXINE-4-DEHYDROGENASE-RXN;"pyridoxal reductase;pyridoxine 4-dehydrogenase/pyridoxal reductase";R01708;MNXR103366;PYDXOR;PYDXOR
RXN__45__8024_NADPH;RXN-8024_NADPH;all-trans phytofluene desaturase (NADPH);R04787;;;PHYFLUDS_NADPH
RXN__45__663;RXN-663;cumic aldehyde dehydrogenase;R05235;MNXR109411;;CUMALDH
LINC__45__RXN;LINC-RXN;2,5-dichloro-2,5-cyclohexadiene-1,4-diol dehydrogenase;R05243;MNXR109418;;DCYCHEX
RXN0__45__6727;RXN0-6727;(S)-NADHX dehydratase;;MNXR113625;;NADHXDH
RXN__45__11211;RXN-11211;"dihydrothymine hydrolase;dihydrothymine amidohydrolase;dihydrothyminidase";R03055;MNXR116784;;DHYDTHYM
1__46__2__46__1__46__66__45__RXN;1.2.1.66-RXN;mycothiol-dependent formaldehyde dehydrogenase;R09129;MNXR112566;;MYCFORM
RXN__45__16308;RXN-16308;O-[5-(oxidonitroso)-4-oxocyclohex-2-en-1-ylidenenitroso]oxidanidolate reductase;;MNXR120004;;O4OXOCYR
DARABALDOL__45__RXN;DARABALDOL-RXN;D-ribulose-phosphate aldolase;;MNXR115814;;DRIBPA
RXN__45__8003_NADPH;RXN-8003_NADPH;"cis-4-hydroxy-D-proline dehydrogenase;D-hydroxyproline dehydrogenase (NADPH)";;;;4HYDPRO_NADPH
XYLONATE__45__DEHYDRATASE__45__RXN;XYLONATE-DEHYDRATASE-RXN;D-xylonate dehydratase;R02429;MNXR107501;;DXYLDH
RXN__45__15264;RXN-15264;aminodeoxyfutalosine synthase;;MNXR113988;;ADOXFUTS
RXNARA__45__8002;RXNARA-8002;phytoene synthase;R07270;MNXR108741;;PHYSYN
RXN__45__17645;RXN-17645;(25S)-3-oxocholest-4-en-26-oyl-CoA racemase;;MNXR121061;;O426ISO
RXN__45__9832;RXN-9832;"S-1-(4-hydroxyphenyl)-ethanol dehydrogenase;cyclohexanol dehydrogenase";R06891;MNXR123017;;CYCHEXDH
RXN__45__14536;RXN-14536;2-chloroacrylate reductase;;MNXR113760;;2CLRED
HYDROXYPYRUVATE__45__REDUCTASE__45__RXN_NADPH;HYDROXYPYRUVATE-REDUCTASE-RXN_NADPH;"hydroxypyruvate reductase;hydroxypyruvate reductase Me (NADPH)";;MNXR100336;HPYRR;HPYRR_NADPH
RXN__45__13533;RXN-13533;aminobacteriohopanetriol synthase;;MNXR118154;;AMBACS
2__46__4__46__1__46__83__45__RXN;2.4.1.83-RXN;"dolichyl-phosphate mannose synthase;dolichol phosphate mannose synthase";R01009;MNXR115158;;DPMSYN
RXN__45__16912;RXN-16912;guadinomine carbamoyltransferase;;MNXR120493;;GDCARBM
RXN0__45__3921;RXN0-3921;gamma-glutamylputrescine oxidase;R07415;MNXR111058;;GGLUPUT
RXN__45__12921;RXN-12921;dTDP-4-oxo-2,6-dideoxy-D-glucose 4-ketoreductase (dTDP-D-olivose producing);;MNXR117809;;DGLUC4KR
ANTHRANILOYL__45__COA__45__MONOOXYGENASE__45__RXN_NADPH;ANTHRANILOYL-COA-MONOOXYGENASE-RXN_NADPH;2-amninobenzoyl-CoA monooxygenase/reductase (NADPH);;;;2ABZMO_NADPH
RXN__45__12900;RXN-12900;trimethylamine monooxygenase;;MNXR109720;;TMETMO
RXN__45__16262;RXN-16262;"dTDP-3,4-diketo-2,6-dideoxy-D-glucose 3-ketoreductase;dTDP-2,6-dideoxy-D-glycero-hex-2-enos-4-ulose 3-ketoreductase;dTDP-3,4-didehydro-2,6-dideoxy-alpha-D-glucose reductase";;MNXR109656;;DGLYHRED
RXN__45__8959;RXN-8959;(2S)-methylsuccinyl-CoA dehydrogenase;;MNXR122568;;MSUCOADH
RXN__45__15131;RXN-15131;"cystathionine beta-lyase;L-cystathione beta-lyase;cystathionine-beta-lyase";;MNXR119158;;CYSBLY
CHOLESTEROL__45__OXIDASE__45__RXN;CHOLESTEROL-OXIDASE-RXN;cholesterol oxidase;R01459;MNXR107006;;CHOLOX
RXN__45__12707_NADPH;RXN-12707_NADPH;3-oxochol-4-en-24-oyl-CoA dehydrogenase (NADPH);;;;3OXCOADH_NADPH
RXN__45__18036;RXN-18036;undecaprenyl phosphate-N-acetyl-alpha-D-glucosamine transferase;;MNXR121352;;UNDEGLCT
2__46__1__46__1__46__137__45__RXN;2.1.1.137-RXN;S-adenosyl-L-methionine:arsenite As-methyltransferase;R05755;MNXR109811;;SAMAT
THIOSULFATE__45__SULFURTRANSFERASE__45__RXN;THIOSULFATE-SULFURTRANSFERASE-RXN;"thiosulfate sulfurtransferase;thiosulfate-sulfurtransferase;thiosulfite-cleaving enzyme";R01931;MNXR96956;CYANST;CYANST
HYDROXYBENZOYLFORMATE__45__DECARBOXYLASE__45__RXN;HYDROXYBENZOYLFORMATE-DECARBOXYLASE-RXN;"p-hydroxybenzoylformate carboxy-lyase;benzoylformate decarboxylase";R02672;MNXR107657;;BFORMDC
RXN__45__865;RXN-865;benzylsuccinyl-CoA dehydrogenase;;MNXR122413;;BSUZCOAD
RXN0__45__4341;RXN0-4341;heptose 7-phosphate kinase;R05646;MNXR109732;;HEP7PHOK
RXN__45__12940_NADPH;RXN-12940_NADPH;dTDP-(2R,6S)-6-hydroxy-2-methyl-3-oxo-3,6-dihydro-2H-pyran-4-olate 3-ketoreductase (dTDP-4-dehydro-2,6-dideoxy-alpha-D-allose-forming) (NADPH);;;;DDALLO_NADPH
RXN__45__15907;RXN-15907;D-glucarolactone cycloisomerase;;MNXR114384;;DGLUCYC
RXN__45__12402;RXN-12402;isoprimeverose alpha-xylosidase;;MNXR117529;;IPAXYL
RXN__45__10996;RXN-10996;"hydroxycadaverine acyl transferase;hydroxycadaverine succinyl-transferase";;MNXR116635;;HCSUCT
RXN__45__16164_NADPH;RXN-16164_NADPH;GDP-6-deoxy-4-keto-D-lyxo-heptose 4-reductase (NADPH);;;;GDP64HRD_NADPH
RXN__45__9910;RXN-9910;3-chlorobenzaldehyde dehydrogenase;;MNXR123073;;3CLBZDH
RXN__45__14196;RXN-14196;carbamate phosphorylase;R01395;MNXR106966;;CARBPHOL
RXN__45__8824;RXN-8824;4-hydroxy-2-keto-5-methyl-6-oxo-3-hexenoate hydrolase;;MNXR122501;;HEXHYD
RXN__45__15590;RXN-15590;L-lyxonate dehydratase;;MNXR119472;;LLYXDH
TRANS__45__L__45__3__45__HYDROXYPROLINE__45__DEHYDRATASE__45__RXN;TRANS-L-3-HYDROXYPROLINE-DEHYDRATASE-RXN;trans-3-hydroxy-L-proline dehydratase;R04374;MNXR108851;;3T3LPROD
RXN__45__17982;RXN-17982;pretetramide C-6-methyltransferase;;MNXR112626;;PTC6MT
BENZYL__45__ALC__45__DEHYDROGENASE__45__RXN;BENZYL-ALC-DEHYDROGENASE-RXN;benzyl alcohol dehydrogenase;R01763;MNXR96362;BZALDH;BZALDH
RXN__45__12654;RXN-12654;1-deoxy-11-oxopentalenate oxygenase;;MNXR113520;;11OXPENT
RXN__45__11566;RXN-11566;carboxyspermidine dehydrogenase;R09079;MNXR96936;CSPMDDH;CSPMDDH
RXN__45__11187;RXN-11187;mycothiol-arsenate ligase;;MNXR116769;;MYCARSL
RXN__45__15924;RXN-15924;L-galactose dehydrogenase;;MNXR119713;;LGALACD
4__46__1__46__1__46__86__45__RXN;4.1.1.86-RXN;L-2,4-diaminobutyrate decarboxylase;R07650;MNXR111249;;25DBUT
RXN__45__16964;RXN-16964;2-dehydro-3-deoxy-L-galactonate 5-dehydrogenase;;MNXR114338;;23LGALAC
4__45__HYDROXYBENZOATE__45__3__45__MONOOXYGENASE__45__RXN;4-HYDROXYBENZOATE-3-MONOOXYGENASE-RXN;"p-hydroxybenzoate hydroxylase;4-hydroxybenzoate hydroxylase";R01298;MNXR95009;4HBHYOX;4HBHYOX
RXN__45__12399;RXN-12399;XLXG xyloglucan oligosaccharide beta-galactosidase;;MNXR117527;;XLXG
RXN__45__12975;RXN-12975;geranyl diphosphate 2-C-methyltransferase;;MNXR113337;;GERDPM
RXN__45__14431;RXN-14431;L-histidine Nalpha-methyltransferase;;MNXR106850;;LHISTMT
RXN__45__8581;RXN-8581;4-methylbenzyl alcohol dehydrogenase;R05282;MNXR95030;4MBZALDH;4MBZALDH
RXN__45__11861;RXN-11861;gallate:oxygen 3,4-oxidoreductase;R03549;MNXR108242;;GALOO
4__45__NITROPHENOL__45__2__45__MONOOXYGENASE__45__RXN;4-NITROPHENOL-2-MONOOXYGENASE-RXN;4-nitrophenol 2-monooxygenase;R03023;MNXR107895;;4NIPHOM
RXN__45__16310;RXN-16310;O-[3-nitro-5-(oxidonitroso)-4-oxocyclohex-2-en-1-ylidenenitroso]oxidanidolate reductase;;MNXR120006;;ONTROOXR
RXN__45__9933;RXN-9933;3,8'-biflaviolin synthase;R08913;MNXR112404;;38BIFLAVS
RXN__45__8023_NADPH;RXN-8023_NADPH;"phytoene desaturase;all-trans-phytoene desaturase;15-cis-phytoene desaturase (NADPH)";;;;PHYTDES_NADPH
RXN0__45__1862;RXN0-1862;UDP-4-amino-4-deoxy-L-arabinose formyltransferase;R07660;MNXR105113;ULA4NFT;ULA4NFT
MALYL__45__COA__45__LYASE__45__RXN;MALYL-COA-LYASE-RXN;"malyl-CoA lyase;malyl coenzyme A lyase;(S)-malyl-CoA lyase;L-malyl CoA lyase";R00473;MNXR106546;;MCOALY
RXN__45__8964;RXN-8964;succinyl CoA:L-malate CoA transferase;R00406;MNXR106517;;SUCOMALT
RXN__45__11002;RXN-11002;"succinate semialdehyde reductase;succinate semialdehyde reductase (NADPH)";R09281;MNXR100141;GHBDHy;GHBDHy
RXN__45__8568;RXN-8568;acryloyl-CoA reductase;;MNXR113527;;ACRCOAR
RXN0__45__1861;RXN0-1861;UDP-glucuronate dehydrogenase;R07658;MNXR105064;UDPGDC;UDPGDC
RXN__45__8781_NADPH;RXN-8781_NADPH;L-sorbosone dehydrogenase (NADPH);;;;SORBDH_NADPH
RXN__45__10898;RXN-10898;(-)-(alphaS,betaR)-guaiacylglycerol-beta-guaiacyl ether dehydrogenase;;MNXR116577;;GCGUAIDH
GDP__45__MANNOSE__45__6__45__DEHYDROGENASE__45__RXN;GDP-MANNOSE-6-DEHYDROGENASE-RXN;"GDP-mannose 6-dehydrogenase;GDP-mannose dehydrogenase";R00880;MNXR106733;;GDPMANDH
RXN__45__13129;RXN-13129;4-hydroxyacetophenone monooxygenase;;MNXR110620;;4HDAPMO
RXNDQC__45__2;RXNDQC-2;indole-3-pyruvate monooxygenase;;MNXR113547;;I3PYRMO
RXN__45__1884;RXN-1884;L-galactose dehydrogenase;R07675;MNXR111270;;GALACDH
TRYPTOPHAN__45__2__45__MONOOXYGENASE__45__RXN;TRYPTOPHAN-2-MONOOXYGENASE-RXN;"tryptophan 2-monooxygenase;tryptophan 2'-monooxygenase";R00679;MNXR106639;;TRYP2MO
RXN__45__17612;RXN-17612;methyl tert-butyl ether monooxygenase;;MNXR121036;;MTBUTEMO
GLCNACPTRANS__45__RXN;GLCNACPTRANS-RXN;"UDP-N-acetylglucosaminemdashundecaprenyl-phosphate N-acetylglucosaminephosphotransferase;undecaprenyl-phosphate N-acetylglucosaminyl 1-phosphate transferase";R08856;MNXR112349;;UDPAGACA
RXN__45__11791;RXN-11791;undecaprenyl-phosphate glucose phosphotransferase;;MNXR117153;;UNDCAPPT
RXN__45__14724;RXN-14724;succinyl-CoA-glutarate CoA-transferase;;MNXR118875;;SUCOAGCT
RXN__45__8743;RXN-8743;methyl parathion hydrolase;;MNXR122461;;MPAHYD
RXN__45__18404;RXN-18404;tetrachlorobenzoquinone reductase;;;;TCLBZRED
FRUCTOSE__45__6__45__PHOSPHATE__45__PHOSPHOKETOLASE__45__RXN;FRUCTOSE-6-PHOSPHATE-PHOSPHOKETOLASE-RXN;"D-fructose-6-phosphate D-erythrose-4-phosphate-lyase (adding phosphate acetyl-phosphate-forming);fructose-6-phosphate phosphoketolase;D-fructose 6-phosphate phosphoketolase";R00761;MNXR115892;;FRU6PE4P
6__46__3__46__2__46__7__45__RXN;6.3.2.7-RXN;"UDP-N-acetylmuramoyl-L-alanyl-D-glutamate--lysine ligase;UDP-N-acetylmuramoyl-L-alanyl-D-glutamate--L-lysine ligase";['R02786', 'R02785'];MNXR105015;UAAGLS2;UAAGLS2
ACETOLACTREDUCTOISOM__45__RXN;ACETOLACTREDUCTOISOM-RXN;"2,3-dihydroxy-isovalerate:NADP+ oxidoreductase (isomerizing);(R)-2,3-dihydroxy-3-methylbutanoate isomeroreductase";R04439;MNXR97523;KARA1;KARA1
RXN__45__11210;RXN-11210;"3-amino-isobutyrate synthase;beta-ureidopropionase;3-ureido-isobutyrate amidohydrolase";;MNXR109033;;3AIBUTS
2__45__AMINOADIPATE__45__AMINOTRANSFERASE__45__RXN;2-AMINOADIPATE-AMINOTRANSFERASE-RXN;"alpha-aminoadipate aminotransferase;L-2-aminoadipate aminotransferase;2-aminoadipate-2-oxoglutarate aminotransferase";R01939;MNXR95160;AATA;AATA
RXN__45__15920;RXN-15920;L-gulonate 5-dehydrogenase;;MNXR114163;;GUL5DH
RXN__45__9718;RXN-9718;acetoin dehydrogenase;;MNXR112943;;ACETDH
RXN__45__15893;RXN-15893;3,6-anhydro-L-galactonate cycloisomerase;;MNXR114212;;36AHDGALC
BENZALDEHYDE__45__DEHYDROGENASE__45__NAD__43____45__RXN;BENZALDEHYDE-DEHYDROGENASE-NAD+-RXN;"benzaldehyde dehydrogenase;4-hydroxybenzaldehyde dehydrogenase";R01419;MNXR96365;BZDH;BZDH
RXN__45__8583;RXN-8583;3-tolualdehyde dehydrogenase;;MNXR94915;3MBZDH;3MBZDH
RXN__45__11968;RXN-11968;"geraniol dehydrogenase;geraniol dehydrogenase (NAD+)";;MNXR113664;;GERDH
4__45__COUMARATE__45____45__COA__45__LIGASE__45__RXN;4-COUMARATE--COA-LIGASE-RXN;"4-coumarate coenzyme A ligase;4-coumarate:CoA ligase;4-coumaroyl-CoA synthetase;4-coumarate-CoA ligase;4-coumarate--CoA ligase";R01616;MNXR94998;4CMCOAS;4CMCOAS
DIHYDROPYRIMIDINASE__45__RXN;DIHYDROPYRIMIDINASE-RXN;"dihydropyrimidase;5,6-dihydrouracil dihydropyrimidinase;dihydrouracil hydrolase;dihydrouracil amidohydrolase";R02269;MNXR97432;DHPD, DHPM1;DHPD
BUTYRYL__45__COA__45__DEHYDROGENASE__45__RXN;BUTYRYL-COA-DEHYDROGENASE-RXN;"butyryl-CoA dehydrogenase;butanoyl-CoA dehydrogenase";R01178;MNXR115742;;BCOADH
DIENOYLCOAREDUCT__45__RXN;DIENOYLCOAREDUCT-RXN;2,4-dienoyl-CoA reductase;;MNXR115833;;24DCOAR
RXN__45__8182;RXN-8182;glutarate semialdehyde dehydrogenase;;MNXR114287;;GLUSAD
RXN__45__14429;RXN-14429;gamma-glutamyl-hercynylcysteine sulfoxide hydrolase;;MNXR114325;;GGHCSH
DEHYDDEOXGALACTKIN__45__RXN;DEHYDDEOXGALACTKIN-RXN;2-dehydro-3-deoxygalactonokinase;R03387;MNXR97213;DDGALK;DDGALK
URONATE__45__DEHYDROGENASE__45__RXN;URONATE-DEHYDROGENASE-RXN;D-galacturonate dehydrogenase;R01981;MNXR124094;;GALURDH
R125__45__RXN;R125-RXN;"3-keto-5-aminohexanoate cleavage enzyme;3-keto,5-aminohexanoate cleavage enzyme";;MNXR113893;;3K5AHC
RXN1F__45__20;RXN1F-20;magnesium chelatase;R03877;MNXR101721;MPML, MPML_1;MPML
1__46__14__46__13__46__8__45__RXN;1.14.13.8-RXN;dimethylaniline monooxygenase;R03344;MNXR108107;;DMETMO
RXN__45__8060;RXN-8060;Ni-sirohydrochlorin a,c-diamide synthase;;MNXR122122;;NSHDDS
RXN__45__14395;RXN-14395;L-gulono-1,4-lactone dehydrogenase;;MNXR118666;;GUL14LACDH
GLYCOLATE__45__REDUCTASE__45__RXN;GLYCOLATE-REDUCTASE-RXN;"glycolate dehydrogenase;glyoxylate reductase";R00717;MNXR100331;GLYCTO_syn, GLYCLTDx;GLYCTD
RXN__45__10139;RXN-10139;"L-tryptophan:pyruvate aminotransferase;tryptophanmdashpyruvate aminotransferase";;MNXR113546;;TRYPYRAT
RXN__45__11407;RXN-11407;D-glucuronate dehydrogenase;R09447;MNXR116911;;GLUCORDH
GALLATE__45__DECARBOXYLASE__45__RXN;GALLATE-DECARBOXYLASE-RXN;gallate decarboxylase;R03247;MNXR108044;;GADECARB
ALANINE__45____45__GLYOXYLATE__45__AMINOTRANSFERASE__45__RXN;ALANINE--GLYOXYLATE-AMINOTRANSFERASE-RXN;"alanine:glyoxylate aminotransferase;alanine--glyoxylate aminotransferase;serine--pyruvate aminotransferase";R00369;MNXR95618;AGTi;AGT
RXN__45__8;RXN-8;"polyamine aminotransferase;putrescine aminotransferase";R08714;MNXR112228;;PAAT
COLCYD__45__RXN;COLCYD-RXN;4-carboxybenzyl alcohol dehydrogenase;;MNXR115784;;4COXADH
CDPDIGLYSYN__45__RXN;CDPDIGLYSYN-RXN;"phosphatidate cytidylyltransferase;CDP-diacylglycerol synthase;CTP:phosphatidate cytidyltransferase";R01799;MNXR115751;;PPCDYT
RXN__45__5921_NADPH;RXN-5921_NADPH;carnitine monooxygenase (NADPH);;;;CARNMO_NADPH
RIBITOL__45__2__45__DEHYDROGENASE__45__RXN;RIBITOL-2-DEHYDROGENASE-RXN;ribitol dehydrogenase;R01895;MNXR103437;RBTDG;RBTDG
RXN__45__11805;RXN-11805;beta-D-glucoronate-(1,2)-alpha-D-mannosyl-(1,3)-beta-D-glucosyl-(1,4)-alpha-D-glucosyl-diphosphoundecaprenol glucosyltransferase;;MNXR117167;;GMGGDCAP
1__46__1__46__1__46__127__45__RXN;1.1.1.127-RXN;"2-dehydro-3-deoxy-D-gluconate 5-dehydrogenase;2,5-didehydro-3-deoxy-L-galactonate 5-reductase;2-keto-3-deoxy-D-gluconate dehydrogenase";R01542;MNXR107048;;2D3DGLUCDH
RXN__45__17143;RXN-17143;3-hydroxykynurenate reductase/dehydratase;;MNXR120686;;3HXKYN
RXN0__45__5398;RXN0-5398;pseudouridine-5'-phosphate glycosidase;R01055;MNXR106808;;PU5PG
RXN66__45__81;RXN66-81;nicotine monooxygenase;;MNXR123801;;NICMO
RXN__45__14671;RXN-14671;3-dimethylallyl-4-hydroxyphenylpyruvate oxygenase;;MNXR110510;;3DM4HXPPO
RXN__45__17165;RXN-17165;2,4-dihydroxy-5-methyl-6-oxohexa-2,4-dienoate isomerase;;MNXR120707;;24DHX5M6OI
L__45__ARABINONATE__45__DEHYDRATASE__45__RXN;L-ARABINONATE-DEHYDRATASE-RXN;"L-arabinonate dehydratase;L-arabonate dehydratase";R02522;MNXR107563;;ARABDH
RXN__45__13142;RXN-13142;NADPHX epimerase;;MNXR113638;;NADPHXE
R364__45__RXN_NADPH;R364-RXN_NADPH;4-nitrobenzoate reductase (NADPH);;;;4NITROB_NADPH
RXN__45__14670;RXN-14670;3-dimethylallyl-4-hydroxymandelate oxygenase;;MNXR110511;;3DMA4HMO
2__46__1__46__1__46__138__45__RXN;2.1.1.138-RXN;S-adenosyl-L-methionine:methylarsonite As-methyltransferase;R05756;MNXR109812;;SAMAAT
RXN__45__13141;RXN-13141;(S)-NADPHX dehydratase;;MNXR113626;;NADPHXDH
RXN__45__14430;RXN-14430;hercynine oxygenase (gamma-glutamyl-hercynylcysteine sulfoxide-forming);;MNXR114317;;HERCOX
RXN__45__8580;RXN-8580;3-methylbenzyl alcohol dehydrogenase;R05347;MNXR94914;3MBZALDH;3MBZALDH
RXN__45__905;RXN-905;3-hydroxyacyl-CoA dehydrogenase;;MNXR122604;;3HXACOADH
1__46__2__46__1__46__67__45__RXN;1.2.1.67-RXN;vanillin dehydrogenase;R05699;MNXR105208;VNDH;VNDH
DEHYDOGLUCONOKINASE__45__RXN;DEHYDOGLUCONOKINASE-RXN;2-ketogluconokinase;R02658;MNXR94789;2DHGLCK;2DHGLCK
RXN__45__15946;RXN-15946;2-furaldehyde phosphate synthase;;MNXR114244;;2FURAPS
DHBAMPLIG__45__RXN;DHBAMPLIG-RXN;"2,3-dihydroxybenzoate-AMP ligase;(2,3-dihydroxybenzoyl)adenylate synthase";R01504;MNXR97369;DHBS;DHBS
RXN0__45__4342;RXN0-4342;heptose 1-phosphate adenyltransferase;R05644;MNXR100378;GMHEPAT;GMHEPAT
GLYOXII__45__RXN;GLYOXII-RXN;"S-lactoylglutathione hydrolase;hydroxyacylglutathione hydrolase;glyoxalase II (cytoplasmic)";R01736;MNXR100353;GLYOX;GLYOX
ALLOPHANATE__45__HYDROLASE__45__RXN;ALLOPHANATE-HYDROLASE-RXN;allophanate hydrolase;R00005;MNXR95786;ALPHNH, ALPHm;ALPHNH
RXN__45__10998;RXN-10998;desferrioxamine cyclase;;MNXR116637;;FEROXCYC
RXN__45__12345;RXN-12345;chorismate dehydratase;;MNXR113987;;CHORDH
RXN__45__10997;RXN-10997;desferrioxamine G1 synthetase;;MNXR116636;;FEROXG1S
GLUTCYSLIG__45__RXN;GLUTCYSLIG-RXN;"glutamate--cysteine ligase;glutamate-cysteine ligase;glutamatemdashcysteine ligase;gamma-glutamylcysteine synthetase";R00894;MNXR100074;GCL, GLUCYS;GCL
RXN__45__12225_NADPH;RXN-12225_NADPH;4,4'-diapolycopenedial dehydrogenase (NADPH);;;;44DPCDH_NADPH
7__45__ALPHA__45__HYDROXYSTEROID__45__DEH__45__RXN;7-ALPHA-HYDROXYSTEROID-DEH-RXN;"cholate 7alpha-hydroxy dehydrogenase;7-alpha-hydroxysteroid dehydrogenase";R02792;MNXR107726;;C7AHXDH
RXN__45__17572;RXN-17572;methyl acetate hydrolase;;MNXR114025;;MAHYD
RXN__45__12223_NADPH;RXN-12223_NADPH;diapolycopene oxygenase (NADPH);R09671;;;DPCOX_NADPH
RXN__45__17571;RXN-17571;"propan-2-ol dehydrogenase;isopropanol dehydrogenase";;MNXR114023;;P2OLDH
6__45__HEXANOLIDE__45__HYDROLYSIS__45__RXN;6-HEXANOLIDE-HYDROLYSIS-RXN;6-hexanolide hydrolase;R03751;MNXR108397;;6HEXHYD
RXN__45__12095;RXN-12095;2-keto-3-deoxy-L-rhamnonate 4-dehydrogenase;;MNXR114636;;2K3DRHAM
HYDROXYBENZALDEHYDE__45__OXIDATION__45__NADP__45__RXN;HYDROXYBENZALDEHYDE-OXIDATION-NADP-RXN;"4-hydroxybenzaldehyde dehydrogenase;NADP+-4-hydroxybenzaldehyde dehydrogenase;NADP+-benzaldehyde dehydrogenase";R01294;MNXR106904;;4HXBZDH
2__46__5__46__1__46__32__45__RXN;2.5.1.32-RXN;"phytoene synthase;prephytoene diphosphate synthase;prephytoene-diphosphate synthase;prephytoene synthase";R02065;MNXR102655;PHYTES;PHYTES
RXN__45__13528_NADPH;RXN-13528_NADPH;adenosyl hopane synthase (NADPH);;;;AHOPS_NADPH
2__46__5__46__1__46__68__45__RXN;2.5.1.68-RXN;E,Z-farnesyl diphosphate synthase;R08528;MNXR112069;;FARNDPPS
RXN0__45__4301;RXN0-4301;D-sedoheptulose 7-phosphate isomerase;['R09768', 'R05645'];MNXR104235;S7PI;S7PI
RXN__45__8081;RXN-8081;F420-1:gamma-glutamyl ligase;;MNXR100101;GF4GL_1;GF4GL_1
SORBITOL__45__6__45__PHOSPHATASE__45__RXN;SORBITOL-6-PHOSPHATASE-RXN;"sorbitol-6-phosphatase;sorbitol-6-phosphate phosphatase";R02866;MNXR107787;;SORB6PP
2__46__4__46__1__46__216__45__RXN;2.4.1.216-RXN;trehalose-6-phosphate phosphorylase;R05767;MNXR115126;;TRE6PPP
RXN__45__9476;RXN-9476;geosmin synthase;;MNXR122842;;GEOSMS
RXN__45__10995_NADPH;RXN-10995_NADPH;cadaverine hydroxylase (NADPH);;;;CADHX_NADPH
RXN__45__12400;RXN-12400;XLLG xyloglucan oligosaccharide beta-galactosidase;;MNXR117528;;XLLGXYL
RXN__45__9475;RXN-9475;octalin synthase;;MNXR122841;;OCTSYN
MANNITOL__45__1__45__PHOSPHATASE__45__RXN;MANNITOL-1-PHOSPHATASE-RXN;"mannose-1-phosphate phosphatase;mannitol-1-phosphatase";R02167;MNXR107343;;MAN1PPP
CYCLOHEXANOL__45__DEHYDROGENASE__45__RXN;CYCLOHEXANOL-DEHYDROGENASE-RXN;cyclohexanol dehydrogenase;R02229;MNXR107392;;CYCHEX_2
1__46__14__46__12__46__1__45__RXN_NADPH;1.14.12.1-RXN_NADPH;anthranilate dioxygenase (NADPH);R00825;;;ANTDIO_NADPH
UREA__45__CARBOXYLASE__45__RXN;UREA-CARBOXYLASE-RXN;urea carboxylase;R00774;MNXR124092;;URECARB
RXN__45__10040;RXN-10040;3-hydroxy-trans-cinnamate hydroxylase;R06787;MNXR94893;3HCINNMH;3HCINNMH
RXN__45__9909;RXN-9909;3-chlorobenzyl alcohol dehydrogenase;;MNXR123071;;3CLBZADH
RXN__45__12703_NADPH;RXN-12703_NADPH;3-oxocholest-4-en-26-oyl-CoA dehydrogenase (NADPH);;;;3OCHOCDH_NADPH
RXN__45__11728;RXN-11728;(S)-sulfopropanediol 2-dehydrogenase;;MNXR117124;;SULFPDH
METHYL__45__GLYOXAL__45__DEHYDROG__45__RXN;METHYL-GLYOXAL-DEHYDROG-RXN;methylglyoxal oxidase;R00203;MNXR106430;;MGLYXOX
1__46__4__46__3__46__19__45__RXN;1.4.3.19-RXN;glycine oxidase/deaminase;R00366;MNXR100352;GLYO1;GLYO1
1__46__14__46__13__46__59__45__RXN;1.14.13.59-RXN;L-lysine 6-monooxygenase;R00448;MNXR106536;;LYS6MO
CYTIKIN__45__RXN;CYTIKIN-RXN;cytidine kinase;R00513;MNXR97041;CYTDK1;CYTDK1
CYTIDINEKIN__45__RXN;CYTIDINEKIN-RXN;cytidine kinase;R00517;MNXR97042;CYTDK2;CYTDK2
RXN__45__8784;RXN-8784;RXN-8784;R00647;MNXR122481;;ASCISOs
RXN__45__5861;RXN-5861;"L-tyrosinase monooxygenase (membrane-bound);L-tyrosine monooxygenase;L-tyrosinase monooxygenase (soluble)";['R00731', 'R00031'];MNXR106346;;TYRMO
1__46__2__46__1__46__27__45__RXN;1.2.1.27-RXN;methylmalonate-semialdehyde dehydrogenase;R00922;MNXR114956;MMSAD1;MMSAD1
URIDINEKIN__45__RXN;URIDINEKIN-RXN;uridine kinase;R00964;MNXR105162;URIK1;URIK1
4__46__1__46__99__46__4__45__RXN;4.1.99.4-RXN;4.1.99.4-RXN;R00997;MNXR95217;ACCAHh;ACCAHh
RXN__45__0;RXN-0;putrescine acetyltransferase;R01154;MNXR103335;PTRCAT1;PTRCAT1
MYO__45__INOSITOL__45__1OR__45__4__45__MONOPHOSPHATASE__45__RXN;MYO-INOSITOL-1OR-4-MONOPHOSPHATASE-RXN;"myo-inositol-3-phosphate monophosphatase;inositol monopohsphatase;inositol-1(or 4)-monophosphatase;myo-inositol 3-phosphate monophosphatase;inositol monophosphatase";R01187;MNXR101574;MI3PP;MI3PP
PYRUFLAVREDUCT__45__RXN;PYRUFLAVREDUCT-RXN;"pyruvate:ferredoxin oxidoreductase;pyruvate ferredoxin oxidoreductase;pyruvate-ferredoxin oxidoreductase;pyruvate synthase";R01196;MNXR103066;PYRShi, POR_syn;PYRS
VALINE__45__PYRUVATE__45__AMINOTRANSFER__45__RXN;VALINE-PYRUVATE-AMINOTRANSFER-RXN;valinemdashpyruvate aminotransferase;R01215;MNXR105217;VPAMTr;VPAMTr
PROLINE__45__RACEMASE__45__RXN;PROLINE-RACEMASE-RXN;proline racemase;R01255;MNXR106886;;PROLRM
HYDROXYBENZALDEHYDE__45__OXIDATION__45__NAD__45__RXN;HYDROXYBENZALDEHYDE-OXIDATION-NAD-RXN;"NAD+-4-hydroxybenzaldehyde dehydrogenase;4-hydroxybenzoate dehydrogenase";R01293;MNXR105209;VNDH_2;VNDH_2
GPH__45__RXN;GPH-RXN;"2-phosphoglycerate phosphatase;phosphoglycolate phosphatase;";R01334;MNXR102543;PGLYCP;PGLYCP
PHOSPHAGLYPSYN__45__RXN;PHOSPHAGLYPSYN-RXN;"phosphatidylglycerophosphate synthase;phosphatidylglycerolphosphate synthase;CDP-diacylglycerol--glycerol-3-phosphate 3-phosphatidyltransferase;CDP-diacylglycerol glycerol-3-phosphate 3-phosphatidyltransferase";R01801;MNXR107179;;PPTGLYP
N__45__ACETYLNEURAMINATE__45__SYNTHASE__45__RXN;N-ACETYLNEURAMINATE-SYNTHASE-RXN;N-acetylneuraminate synthase;R01804;MNXR116074;;ACNMS
CREATININASE__45__RXN;CREATININASE-RXN;creatininase;R01884;MNXR107216;;CREATA
PHOSPHASERDECARB__45__RXN;PHOSPHASERDECARB-RXN;phosphatidylserine decarboxylase;R02055;MNXR116127;;PPTSERDC
NMNAMIDOHYDRO__45__RXN;NMNAMIDOHYDRO-RXN;NMN amidohydrolase;R02322;MNXR101969;NMNDA;NMNDA
CREATININE__45__DEAMINASE__45__RXN;CREATININE-DEAMINASE-RXN;creatinine deaminase;R02922;MNXR107828;;CREATDA
CEPHALOSPORIN__45__C__45__DEACETYLASE__45__RXN;CEPHALOSPORIN-C-DEACETYLASE-RXN;CEPHALOSPORIN-C-DEACETYLASE-RXN;R03062;MNXR107922;;CEPSPORDA
RXNN__45__404;RXNN-404;"indole-3-acetamide amidohydrolase;indole-3-acetamide amidase;indoleacetamide hydrolase";R03096;MNXR95814;AMID3;AMID3
GUANIDINOBUTANAMIDE__45__NH3__45__RXN;GUANIDINOBUTANAMIDE-NH3-RXN;guanidinobutyramidase;R03180;MNXR95812;AMID;AMID
L__45__GULONOLACTONE__45__OXIDASE__45__RXN;L-GULONOLACTONE-OXIDASE-RXN;"L-gulono-gamma-lactone oxidase;gulonolactone (L-) oxidase";R03184;MNXR116004;;GGLACOX
RXN1F__45__151;RXN1F-151;"lycopene beta cyclase;gamma-carotene beta-cyclase;gamma-carotene beta- cyclase";R03824;MNXR100063;GCATENEC, LCYB;LCYB
MALEYLPYRUVATE__45__ISOMERASE__45__RXN;MALEYLPYRUVATE-ISOMERASE-RXN;"maleylpyruvate cis-trans isomerase;maleylpyruvate isomerase";R03868;MNXR108488;;MALPYRISO
RXN__45__8529;RXN-8529;"2-hydroxymuconate tautomerase;4-oxalocrotonate tautomerase";R03966;MNXR95047;4OT;4OT
5__46__3__46__3__46__10__45__RXN;5.3.3.10-RXN;5-carboxymethyl-2-hydroxymuconate isomerase;R04379;MNXR115626;;5CM2HMUCI
6__46__3__46__2__46__10__45__RXN;6.3.2.10-RXN;UDP-N-acetylmuramoyl-tripeptide--D-alanyl-D-alanine ligase;R04573;MNXR108972;;UDPAMALA
RXN__45__7908;RXN-7908;"pterin-4-alpha-carbinolamine dehydratase;pterin-4alpha-carbinolamine dehydratase";R04734;MNXR122085;;P4CADH
RXN__45__8022_NADPH;RXN-8022_NADPH;"zeta-carotene desaturase;all-trans-zeta-carotene desaturase (NADPH)";R04798;;;ZCARDS_NADPH
3__45__OCTAPRENYL__45__4__45__OHBENZOATE__45__DECARBOX__45__RXN;3-OCTAPRENYL-4-OHBENZOATE-DECARBOX-RXN;3-octaprenyl-4-hydroxybenzoate decarboxylase;R04986;MNXR102201;OPHBDC;OPHBDC
RXN__45__37;RXN-37;4-acetamidobutanal dehydrogenase;R05050;MNXR101805;NABTNO;NABTNO
LAUROYLACYLTRAN__45__RXN;LAUROYLACYLTRAN-RXN;lauroyl acyltransferase;R05146;MNXR116017;;LAURAT
DHLBXANAU__45__RXN;DHLBXANAU-RXN;chloroacetate dehalogenase;R05287;MNXR109458;;CLADHAL
RXN1F__45__150;RXN1F-150;"lycopene beta cyclase;lycopene beta-cyclase;trans lycopene beta- cyclase;trans -lycopene beta-cyclase";R05341;MNXR101031;LCYG, LYCOPC;LCYG
R311__45__RXN;R311-RXN;"amidase;acrylamide amidase";R05551;MNXR95816;AMID5;AMID5
MANNONDEHYDRAT__45__RXN;MANNONDEHYDRAT-RXN;D-mannonate dehydratase;R05606;MNXR101679;MNNH;MNNH
GALACTARDEHYDRA__45__RXN;GALACTARDEHYDRA-RXN;"galactarate dehydratase;D-galactarate dehydratase";R05608;MNXR99955;GALCTD, GALCTD_1;GALCTD
4OHBENZOATE__45__OCTAPRENYLTRANSFER__45__RXN;4OHBENZOATE-OCTAPRENYLTRANSFER-RXN;4-hydroxybenzoate octaprenyltransferase;R05615;MNXR100566;HBZOPT;HBZOPT
R229__45__RXN;R229-RXN;2-phospho-3-sulfolactate phosphohydrolase;R05789;MNXR109837;;4HXBOPT
RXN__45__9394;RXN-9394;(4R,7R)-4-isopropenyl-7-methyloxepan-2-one hydrolase;R06390;MNXR122793;;4IP7MO2H__R
RXN__45__9421;RXN-9421;(4S,7R)-4-isopropenyl-7-methyloxepan-2-one hydrolase;R06392;MNXR122810;;4IP7MO2H__S
HCAMULTI__45__RXN;HCAMULTI-RXN;3-phenylpropionate dioxygenase;R06782;MNXR103134;PPPNDO;PPPNDO
RXN__45__12072;RXN-12072;cinnamate dioxygenase;R06783;MNXR117332;;CINNDOX
RXN__45__2962_NADPH;RXN-2962_NADPH;"S-hydroxymethyl-glutathione dehydrogenase;NAD- and glutathione-dependent formaldehyde dehydrogenase;hydroxymethylglutathione dehydrogenase (NADPH)";['R06983', 'R07140'];;;SHXMGDH
1__46__2__46__7__46__4__45__RXN;1.2.7.4-RXN;"carbon monoxide dehydrogenase (ferredoxin);carbon-monoxide dehydrogenase";['R00296', 'R07157'];MNXR114963;;CARBMODH
RXN__45__9382;RXN-9382;phosphinothricin N-acetyltransferase;;MNXR112429;;PPTRIAT
RXN__45__13194;RXN-13194;(+)-epi-isozizaene,NADPH:oxygen oxidoreductase (5-hydroxylating);R10072;MNXR113454;;EIZOO
RXN__45__14910;RXN-14910;6-aminodeoxyfutalosine deaminase;;MNXR114015;;6ADOFUT
D__45__LACTATE__45__DEHYDROGENASE__45__CYTOCHROME__45__RXN;D-LACTATE-DEHYDROGENASE-CYTOCHROME-RXN;D-lactate dehydrogenase (cytochrome);R00197;MNXR115807;;LACDHCYT
ACETATE__45____45__COA__45__LIGASE__45__ADP__45__FORMING__45__RXN;ACETATE--COA-LIGASE-ADP-FORMING-RXN;acetate-CoA ligase (ADP-forming);R00229;MNXR106436;;ACTCOALIG
RXN__45__2464;RXN-2464;"4-carboxy-4-hydroxy-2-oxoadipate aldolase;4-oxalocitramalate aldolase";R00350;MNXR106486;;4C4HX2OA
ASPARTASE__45__RXN;ASPARTASE-RXN;aspartate ammonia-lyase;R00490;MNXR96099;ASPT;ASPT
SARCOX__45__RXN;SARCOX-RXN;sarcosine oxidase;R00610;MNXR104272;SARCOX;SARCOX
ACETYLORNDEACET__45__RXN;ACETYLORNDEACET-RXN;"N-acetylornithinase;acetylornithine deacetylase";R00669;MNXR95377;ACODA, ACODA_1;ACODA
UREIDOGLYCOLATE__45__LYASE__45__RXN;UREIDOGLYCOLATE-LYASE-RXN;"ureidoglycolate urea-lyase;ureidoglycolate lyase";R00776;MNXR106681;;URGLYUS
CATECHOL__45__23__45__DIOXYGENASE__45__RXN;CATECHOL-23-DIOXYGENASE-RXN;"catechol 2,3-dioxygenase;catechol dioxygenase";R00816;MNXR96456;CAT23DOX;CAT23DOX
RXN__45__7644;RXN-7644;"D-sorbitol dehydrogenase;L-sorbitol dehydrogenase";R00875;MNXR104283;SBTD_D2;SBTD_D2
2__46__6__46__1__46__18__45__RXN;2.6.1.18-RXN;"beta-alanine aminotransferase;beta-alanine transaminase";R00907;MNXR95865;APATr;APATr
RXN__45__8961;RXN-8961;"beta-methylmalyl-CoA lyase;beta-methylmalyl CoA lyase";R00934;MNXR106758;;BMMCOAL
RXN__45__10445;RXN-10445;3-fumarylpyruvate hydrolase;R01085;MNXR99707;FUMAH;FUMAH
R11__45__RXN;R11-RXN;acetate CoA-transferase;R01179;MNXR106854;;ACTCOAT
MALATE__45____45__COA__45__LIGASE__45__RXN;MALATE--COA-LIGASE-RXN;malate thiokinase;R01256;MNXR106887;;MALTHIK
DHBDEHYD__45__RXN;DHBDEHYD-RXN;2,3-dihydro-2,3-dihydroxybenzoate dehydrogenase;R01505;MNXR97368;DHBD;DHBD
MALTOSE__45__PHOSPHORYLASE__45__RXN;MALTOSE-PHOSPHORYLASE-RXN;maltose phosphorylase;R01555;MNXR101717;MPL;MPL
RXN0__45__366;RXN0-366;"guanosine nucleosidase;guanosine deaminase";R01677;MNXR100392;GNNUC;GNNUC
RXN__45__5901;RXN-5901;"3-hydroxybutyryl-CoA dehydrogenase;acetoacetyl-CoA reductase";R01977;MNXR107256;;3HBCOADH
CYCLOHEXANONE__45__MONOOXYGENASE__45__RXN;CYCLOHEXANONE-MONOOXYGENASE-RXN;cyclohexanone monooxygenase;R02231;MNXR107393;;CYCHEXMO
DIACYLGLYKIN__45__RXN;DIACYLGLYKIN-RXN;diacylglycerol kinase;R02240;MNXR115829;;DACGKIN
RXN__45__2001;RXN-2001;"cinnamate:CoA ligase;trans-cinnamate:CoA ligase";R02255;MNXR107411;;CINNCOAL
3__46__5__46__4__46__22__45__RXN;3.5.4.22-RXN;Delta1-pyrroline-4-hydroxy-2-carboxylate deaminase;R02280;MNXR107426;;1P4H2CDA
RXN__45__8987;RXN-8987;succinyl-CoA:itaconate CoA transferase;R02407;MNXR107488;;SUCOAICT
RXN__45__12246;RXN-12246;D-xylonolactonase;R02427;MNXR107499;;XYLLAC
RXN__45__11737;RXN-11737;L-cysteate aminotransferase;R02433;MNXR95161;AATC, LCYSTAT;AATC
L__45__ARABINONOLACTONASE__45__RXN;L-ARABINONOLACTONASE-RXN;L-arabinolactonase;R02526;MNXR107564;;ARABLAC
D__45__LACTALDEHYDE__45__DEHYDROGENASE__45__RXN;D-LACTALDEHYDE-DEHYDROGENASE-RXN;"methylglyoxal reductase;methylglyoxal reductase (NADH-dependent)";R02527;MNXR101008;LALDD2;LALDD2
2__46__4__46__1__46__157__45__RXN;2.4.1.157-RXN;"alpha-monoglucosyldiacylglycerol synthase;1,2-diacylglycerol 3-alpha-glucosyltransferase";R02689;MNXR114165;;MGSDGS
ALPHAALPHA__45__TREHALOSE__45__PHOSPHORYLASE__45__RXN;ALPHAALPHA-TREHALOSE-PHOSPHORYLASE-RXN;trehalose phosphorylase;R02727;MNXR107696;;TREPP
RXN__45__8527;RXN-8527;"2-hydroxymuconate 6-semialdehyde dehydrogenase;2-hydroxymuconate-6-semialdehyde dehydrogenase;2-hydroxymuconate semialdehyde dehydrogenase";R02762;MNXR100669;HMSD;HMSD
3__46__5__46__2__46__14__45__RXN;3.5.2.14-RXN;N-methylhydantoin amidohydrolase;R03187;MNXR108009;;NHHAAH
1__46__17__46__1__46__1__45__RXN_NADPH;1.17.1.1-RXN_NADPH;CDP-4-dehydro-6-deoxyglucose reductase (NADPH);R03392;;;CDP4D6DG_NADPH
RXN1F__45__10;RXN1F-10;protochlorophyllide oxidoreductase;R03845;MNXR103065;POR_1;POR_1
1__46__2__46__1__46__32__45__RXN;1.2.1.32-RXN;"2-aminomucoate semialdehyde dehydrogenase;2-aminomuconate 6-semialdehyde dehydrogenase;2-aminomuconate semialdehyde dehydrogenase;2-aminomuconic 6-semialdehyde dehydrogenase;2-aminomuconate-semialdehyde dehydrogenase";R03889;MNXR114958;;2AMUCSAD
24__45__DICHLOROPHENOL__45__6__45__MONOOXYGENASE__45__RXN;24-DICHLOROPHENOL-6-MONOOXYGENASE-RXN;"2,4-dichlorophenol 6-monooxygenase;2,4-dichlorophenol monooxygenase";R03997;MNXR108577;;24DCLPMO
RXN1K__45__87;RXN1K-87;2-oxohept-3-enedioate isomerase;R04134;MNXR108679;;2OH3EDISO
2__46__3__46__1__46__89__45__RXN;2.3.1.89-RXN;tetrahydrodipicolinate acetyltransferase;R04364;MNXR95864;THPAT, APATi;THPAT
CARBOXY__45__OXOHEPT__45__ENEDIOATE__45__DECARBOXY__45__RXN;CARBOXY-OXOHEPT-ENEDIOATE-DECARBOXY-RXN;5-oxopent-3-ene-1,2,5-tricarboxylate carboxy-lyase;R04380;MNXR115744;;5OP3TCCL
CHMS__45__DEHYDROGENASE__45__RXN;CHMS-DEHYDROGENASE-RXN;2-hydroxy-5-carboxymethylmuconate semialdehyde dehydrogenase;R04418;MNXR94997;CMCMSAD, 4C2HM6SADH;CMCMSAD
RXN__45__4822;RXN-4822;acetyl-diaminopimelate aminotransferase;R04467;MNXR95434;ADAPAT;ADAPAT
SYDDEHYD__45__RXN;SYDDEHYD-RXN;4-sulfobenzaldehyde dehydrogenase;R05272;MNXR109445;;4SBZADH
RXN__45__864;RXN-864;succinyl-CoA:benzylsuccinate CoA-transferase;R05588;MNXR96368;BZSCT;BZSCT
RXN__45__902;RXN-902;phenylitaconyl-CoA hydratase;R05599;MNXR122588;;PYACOADH
R282__45__RXN;R282-RXN;"cyclohexane-1-carbonyl-CoA dehydrogenase;cyclohexanecarboxyl-CoA dehydrogenase";R05619;MNXR116210;;CYC1CCDH
RXN__45__11689;RXN-11689;S-sulfolactate dehydrogenase;;MNXR104442;SLDx;SLD
RXN__45__5285;RXN-5285;3,8-divinyl-protochlorophyllide oxidoreductase;R06286;MNXR121794;;38DPCLOR
RXN__45__14147;RXN-14147;RXN-14147;;MNXR95923;ARAT, UNK3;ARAT
RXN0__45__3922;RXN0-3922;gamma-glutamyl-gamma-aminobutyraldehyde dehydrogenase;['R07417', 'R07418'];MNXR123175;;GGGABADH
RXN__45__13704;RXN-13704;2,3-dihydroxybenzenesulfonate 2,3-dioxygenase;;MNXR111380;;23DHBZS
R8__45__RXN;R8-RXN;acetate CoA-transferase;R07832;MNXR111417;;ACTCOAT
RXN__45__8956;RXN-8956;L-arginine:pyruvate transaminase;R08197;MNXR96038;ARUH;ARUH
RXN__45__7933;RXN-7933;acetylcitrulline deacetylase;R09107;MNXR112547;;ACITRULD
R265__45__RXN;R265-RXN;cyclohex-1-ene-1-carbonyl-CoA dehydrogenase;R09252;MNXR116208;;CYCOADH
RXN__45__11186;RXN-11186;FAD-dependent urate hydroxylase;;MNXR112934;;URHYD
RXN__45__12848;RXN-12848;cholest-4-en-3-one,NADH:oxygen oxidoreductase (26-hydroxylating);R09859;MNXR113260;;CHO43OR
RXN__45__12653;RXN-12653;pentalenolactone synthase;R10162;MNXR113528;;PTLACS
RXN__45__6902;RXN-6902;"gamma aminobutyrate transaminase;gamma-aminobutyrate transaminase (pyruvate dependent)";;MNXR113544;;GABTA
RXN0__45__6732;RXN0-6732;alpha-D-ribose 1-methylphosphonate 5-triphosphate synthase;;MNXR113550;;RIB1MPTS
R01172;R01172;butanal:NAD+ oxidoreductase (CoA-acylating);R01172;MNXR96320;BTCOAR;BTCOAR
R01618;R01618;APS:ATP adenylyltransferase;R01618;MNXR95863;APATT;APATT
R01902;R01902;ATP:L-xylulose 1-phosphotransferase;R01902;MNXR100937;KHK2;KHK2
R02457;R02457;D-Ornithine:oxygen oxidoreductase (deaminating);R02457;MNXR97759;DORNOp;DORNO
R02894;R02894;D-Proline:oxygen oxidoreductase;R02894;MNXR107807;;DPROLORED
R02923;R02923;D-Arginine:oxygen oxidoreductase (deaminating);R02923;MNXR97150;DARGOp;DARGO
R04221;R04221;cis-4-Hydroxy-D-proline:oxygen oxidoreductase (deaminating);R04221;MNXR108742;;4HPROOR
R04800_NADPH;R04800_NADPH;Neurosporene, hydrogen-donor:oxygen oxidoreductase (NADPH);R04800;MNXR105275;ZCAROTDH2;ZCAROTDH2_NADPH
R05590;R05590;Acylamide aminohydrolase;R05590;MNXR109702;;AAAHYD
R01176;R01176;Butanoate:CoA ligase (AMP-forming);R01176;MNXR106852;;BUTCOAL
R01785;R01785;L-xylulose 1-phosphate glycolaldehyde-lyase (glycerone-phosphate-forming);R01785;MNXR99462;FBA4;FBA4
R02252;R02252;phenylpropanoate:NAD+ delta2-oxidoreductase;R02252;MNXR107408;;PPNAD2OR
R03391;R03391;CDP-4-dehydro-3,6-dideoxy-D-glucose:NAD+ 3-oxydoreductase;R03391;MNXR108139;;CDP4DGNO
R04215;R04215;CTP:N-glycoloylneuraminate cytidylyltransferase;R04215;MNXR108739;;CTPGNAC
RXN__45__15356;RXN-15356;L-rhamnofuranose ring forming;;MNXR119310;;RHAMFs
RXN__45__12753;RXN-12753;S-NADHX synthetase;;MNXR117736;;NADHXSs__S
RXN__45__6423;RXN-6423;4-aminobutanal dehydratase;R07408;MNXR103470;RE0691C;RE0691C
RXN__45__12943;RXN-12943;dTDP-2,6-dideoxy-D-glycero-hex-2-enos-4-ulose reductase;;MNXR114337;;DTDP26DGR
RXN__45__12440;RXN-12440;L-ascorbate peroxidase;;MNXR117558;;ASCORPO
RXN__45__13530;RXN-13530;formyl hopane synthase;;MNXR118151;;FORHOPS
RXN__45__12876;RXN-12876;L-ascorbate oxidase (cytochrome);R07679;MNXR117786;;ASCOROX
RXN__45__12540;RXN-12540;Fenton reaction;;MNXR117619;;FENTON
RXN__45__15999;RXN-15999;L-galactofuranose isomerase;;MNXR119769;;AHLGALb
RXN__45__8461;RXN-8461;4,5-seco-dopa dehydratase (spontaneous);R08837;MNXR112330;;45SDOPs
RXN__45__6268;RXN-6268;betaine aldehyde dehydratase (spontaneous);;MNXR121837;;BALDHs
RXN__45__12754;RXN-12754;R-NADHX synthetase;;MNXR117737;;NADHXSs__R
RXN__45__2881;RXN-2881;Tetrahydrofolate:formaldehyde condensation (spontaneous);R09093;MNXR121639;;MTFHSs
RXN__45__15124;RXN-15124;aminoprop2-enoate isomerase (spontaneous);;MNXR114400;;AP2EISOs
RXN__45__9193;RXN-9193;Geranial isomerase (spontaneous);R08099;MNXR111678;;GERISOs
RXN0__45__5222;RXN0-5222;cyanase;R07316;MNXR96481;CBMD;CBMD
RXN__45__5721;RXN-5721;Quinolinate hydratase (spontaneous);R04293;MNXR121824;;QUINHYDs
RXN__45__2961;RXN-2961;S-(hydroxymethyl)glutathione synthase;R06982;MNXR99239;FALGTHLs;FALGTHLs
RXN__45__6581;RXN-6581;;;MNXR113658;;
RXN__45__4821;RXN-4821;;R04336;MNXR108820;;
RXN__45__10723;RXN-10723;;;MNXR116488;;
RXN__45__16992;RXN-16992;;;MNXR120562;;
RXN__45__7587;RXN-7587;;R04282;MNXR121962;;
RXN__45__14500;RXN-14500;;;MNXR118723;;
RXN__45__14809;RXN-14809;;;MNXR118947;;
RXN__45__12541;RXN-12541;;;MNXR117620;;
RXN__45__14515;RXN-14515;;;MNXR118735;;
RXN__45__13463;RXN-13463;;;MNXR118100;;
RXN__45__15905;RXN-15905;;;MNXR119698;;
RXN__45__18029;RXN-18029;teichoic acid transporter;;MNXR121347;;
TRANS__45__RXN0__45__575;TRANS-RXN0-575;transport of maltose;;MNXR101364;MALTt1r;MALTt1r
TRANS__45__RXN0__45__496;TRANS-RXN0-496;enterobactin exporter EntS;;MNXR123417;;
3__46__6__46__3__46__8__45__RXN;3.6.3.8-RXN;calcium-transporting ATPase;;MNXR96435;CA2abc1;CA2abc1
RXN66__45__447;RXN66-447;Sodium independent leucine transport;;MNXR101057;LEUtec;LEUtec
EXC_OUT_CPD__45__14016_c;EXC_OUT_CPD-14016_c;EXC_OUT_CPD-14016_c;;;;
EXC_OUT_CPD__45__9962_c;EXC_OUT_CPD-9962_c;EXC_OUT_CPD-9962_c;;;;
EXC_OUT_CPD__45__10680_c;EXC_OUT_CPD-10680_c;EXC_OUT_CPD-10680_c;;;;
EXC_OUT_CPD__45__10681_c;EXC_OUT_CPD-10681_c;EXC_OUT_CPD-10681_c;;;;
EXC_OUT_ACETONE_c;EXC_OUT_ACETONE_c;EXC_OUT_ACETONE_c;;;;EX_acetone_e
EXC_OUT_CPD__45__14522_c;EXC_OUT_CPD-14522_c;EXC_OUT_CPD-14522_c;;;;
RXN__45__13783_NADH;RXN-13783_NADH;ornithine N-hydroxylase (NADH);;;;
RXN__45__15892_NADH;RXN-15892_NADH;3,6-anhydro-L-galactose dehydrogenase (NADH);;;;AHLGAL_NADH
HYDROXYPYRUVATE__45__REDUCTASE__45__RXN_NADH;HYDROXYPYRUVATE-REDUCTASE-RXN_NADH;"hydroxypyruvate reductase;hydroxypyruvate reductase Me (NADH)";;MNXR100325;HPYRR2;HPYRR2
ANTHRANILOYL__45__COA__45__MONOOXYGENASE__45__RXN_NADH;ANTHRANILOYL-COA-MONOOXYGENASE-RXN_NADH;2-amninobenzoyl-CoA monooxygenase/reductase (NADH);;MNXR108578;;
RXN__45__12940_NADH;RXN-12940_NADH;dTDP-(2R,6S)-6-hydroxy-2-methyl-3-oxo-3,6-dihydro-2H-pyran-4-olate 3-ketoreductase (dTDP-4-dehydro-2,6-dideoxy-alpha-D-allose-forming) (NADH);;;;
RXN__45__16164_NADH;RXN-16164_NADH;GDP-6-deoxy-4-keto-D-lyxo-heptose 4-reductase (NADH);;;;
RXN__45__5921_NADH;RXN-5921_NADH;carnitine monooxygenase (NADH);R11875;;;
R364__45__RXN_NADH;R364-RXN_NADH;4-nitrobenzoate reductase (NADH);;;;
1__46__14__46__12__46__1__45__RXN_NADH;1.14.12.1-RXN_NADH;anthranilate dioxygenase (NADH);R00825;MNXR106707;;
RXN__45__2962_NADH;RXN-2962_NADH;"S-hydroxymethyl-glutathione dehydrogenase;NAD- and glutathione-dependent formaldehyde dehydrogenase;hydroxymethylglutathione dehydrogenase (NADH)";['R06983', 'R07140'];MNXR99237;FALDH2;FALDH2
1__46__14__46__13__46__84__45__RXN_NADH;1.14.13.84-RXN_NADH;1.14.13.84-RXN (NADH);R06892;;;
RXN__45__8024_NADH;RXN-8024_NADH;all-trans phytofluene desaturase (NADH);R04787;;;
RXN__45__8003_NADH;RXN-8003_NADH;"cis-4-hydroxy-D-proline dehydrogenase;D-hydroxyproline dehydrogenase (NADH)";;;;
RXN__45__12707_NADH;RXN-12707_NADH;3-oxochol-4-en-24-oyl-CoA dehydrogenase (NADH);;;;
RXN__45__8023_NADH;RXN-8023_NADH;"phytoene desaturase;all-trans-phytoene desaturase;15-cis-phytoene desaturase (NADH)";;;;
RXN__45__8781_NADH;RXN-8781_NADH;L-sorbosone dehydrogenase (NADH);;;;SORBDH_NADH
RXN__45__12225_NADH;RXN-12225_NADH;4,4'-diapolycopenedial dehydrogenase (NADH);;;;
RXN__45__12223_NADH;RXN-12223_NADH;diapolycopene oxygenase (NADH);R09671;;;
RXN__45__13528_NADH;RXN-13528_NADH;adenosyl hopane synthase (NADH);;;;
RXN__45__10995_NADH;RXN-10995_NADH;cadaverine hydroxylase (NADH);;;;
RXN__45__12703_NADH;RXN-12703_NADH;3-oxocholest-4-en-26-oyl-CoA dehydrogenase (NADH);;;;
RXN__45__8022_NADH;RXN-8022_NADH;"zeta-carotene desaturase;all-trans-zeta-carotene desaturase (NADH)";R04798;;;
R04800_NADH;R04800_NADH;Neurosporene, hydrogen-donor:oxygen oxidoreductase (NADH);R04800;;;
